INSERT INTO Genero (`id`, `nombre`, `descripcion`) VALUES
(1, 'Arcade', 'Juegos clásicos de máquinas recreativas'),
(2, 'Plataformas', 'Juegos de saltos y obstáculos'),
(3, 'Beat em up', 'Juegos de lucha contra multitudes'),
(4, 'Puzzle', 'Juegos de ingenio y rompecabezas'),
(5, 'Aventura', 'Juegos de exploración y narrativa'),
(6, 'Shooter', 'Juegos de disparos'),
(7, 'Carreras', 'Juegos de velocidad y vehículos'),
(8, 'Deportes', 'Juegos deportivos');

-- Insertar datos en la tabla jugador
INSERT INTO jugador (`id`, `nick`, `fechaRegistro`) VALUES
(1, 'ArcadeKing', '2023-01-15 10:30:00'),
(2, 'RetroGamer', '2023-02-20 14:45:00'),
(3, 'PixelMaster', '2023-03-10 09:15:00'),
(4, '80sChild', '2023-04-05 16:20:00'),
(5, 'JoystickHero', '2023-05-12 11:00:00'),
(6, 'CoinOpFan', '2024-01-08 13:25:00'),
(7, 'NeoGeoFan', '2023-06-18 15:30:00'),
(8, 'CapcomLover', '2023-07-22 12:10:00'),
(9, 'SegaGenesis', '2023-08-14 17:45:00'),
(10, 'NESCollector', '2023-09-30 10:20:00'),
(11, 'StreetFighter', '2023-10-05 14:15:00'),
(12, 'PacManExpert', '2023-11-11 11:30:00'),
(13, 'MarioBrothers', '2023-12-25 09:00:00'),
(14, 'ContraPro', '2024-01-15 16:40:00'),
(15, 'FinalFight', '2024-02-20 13:25:00');

-- Insertar datos en la tabla Juego (juegos arcade clásicos)
INSERT INTO Juego (`id`, `nombre`, `descripcion`, `Genero_id`) VALUES
(1, 'Double Dragon', 'Clásico beat em up de dos hermanos contra pandillas', 3),
(2, 'Final Fight', 'Beat em up de Capcom con Cody, Guy y Haggar', 3),
(3, 'Streets of Rage', 'Trilogía de Sega con Axel y Blaze', 3),
(4, 'Teenage Mutant', 'Tortugas Ninja en versión beat em up', 3),
(5, 'Cadillacs Dinosaurs', 'Beat em up prehistórico de Capcom', 3),
(6, 'Prince of Persia', 'Aventura de plataformas con acertijos', 2),
(7, 'Super Mario Bros', 'El fontanero más famoso de Nintendo', 2),
(8, 'Sonic The Hedgehog', 'El erizo azul de Sega', 2),
(9, 'Mega Man', 'El robot azul de Capcom', 2),
(10, 'Castlevania', 'Caza vampiros en plataformas', 2),
(11, 'Bubble Bobble', 'Dragones que atrapan enemigos en burbujas', 4),
(12, 'Tetris', 'El rompecabezas más famoso del mundo', 4),
(13, 'Puyo Puyo', 'Juego de conexión de criaturas coloridas', 4),
(14, 'Columns', 'Juego de gemas que caen de Sega', 4),
(15, 'Dr. Mario', 'Mario como doctor eliminando virus', 4),
(16, 'Contra', 'Shooter de desplazamiento lateral', 6),
(17, 'Gradius', 'Shooter espacial de Konami', 6),
(18, 'R-Type', 'Shooter espacial con nave personalizable', 6),
(19, '1942', 'Shooter de aviones de la Segunda Guerra', 6),
(20, 'Galaga', 'Clásico shooter de naves espaciales', 6),
(21, 'Pac-Man', 'El come-cocos amarillo', 1),
(22, 'Space Invaders', 'Los invasores espaciales originales', 1),
(23, 'Donkey Kong', 'El gorila que lanza barriles', 1),
(24, 'Street Fighter II', 'El juego que definió los fighters', 1),
(25, 'Mortal Kombat', 'Lucha con fatalities', 1),
(26, 'Out Run', 'Carreras deportivas de Sega', 7),
(27, 'Super Hang-On', 'Carreras de motos', 7),
(28, 'Pole Position', 'Clásico de carreras de F1', 7),
(29, 'Cruis n USA', 'Carreras por Estados Unidos', 7),
(30, 'Teenage Mutant', 'Torneo de deportes de las Tortugas', 8),
(31, 'NBA Jam', 'Baloncesto exagerado y arcade', 8),
(32, 'Super Sidekicks', 'Fútbol arcade de Neo Geo', 8),
(33, 'Windjammers', 'Disco volador futurista', 8),
(34, 'Bomberman', 'Coloca bombas estratégicamente', 4),
(35, 'Metal Slug', 'Shooter run and gun de Neo Geo', 6),
(36, 'Golden Axe', 'Fantasy beat em up de Sega', 3),
(37, 'Altered Beast', 'Transforma en bestias mitológicas', 2),
(38, 'Ghosts n Goblins', 'Plataformas difícil de Capcom', 2),
(39, 'Shinobi', 'Ninja action de Sega', 2),
(40, 'After Burner', 'Simulador de vuelo arcade', 6);


INSERT INTO Puntuaciones (`jugador_id`, `Juego_id`, `puntuacion`) VALUES
(1, 1, 98500), (2, 1, 87600), (3, 1, 94500), (4, 1, 89200),
(5, 2, 127800), (6, 2, 115600), (7, 2, 134200), (8, 2, 121900),
(9, 3, 156700), (10, 3, 142300), (11, 3, 168900), (12, 3, 152100),
(13, 4, 113400), (14, 4, 125600), (15, 4, 108900),
(1, 6, 75400), (2, 6, 82300), (3, 6, 68900), (4, 6, 91200),
(5, 7, 325600), (6, 7, 298700), (7, 7, 356800), (8, 7, 312400),
(9, 8, 287500), (10, 8, 265800), (11, 8, 301200), (12, 8, 278900),
(1, 11, 145600), (2, 11, 132800), (3, 11, 156700), (4, 11, 142300),
(5, 12, 589000), (6, 12, 623400), (7, 12, 578900), (8, 12, 645600),
(9, 13, 234500), (10, 13, 256700), (11, 13, 221800), (12, 13, 245600),
(1, 16, 178900), (2, 16, 165400), (3, 16, 192300), (4, 16, 185600),
(5, 17, 156700), (6, 17, 142800), (7, 17, 168900), (8, 17, 152300),
(9, 18, 198700), (10, 18, 185600), (11, 18, 212300), (12, 18, 201800),
(1, 21, 345600), (2, 21, 312800), (3, 21, 378900), (4, 21, 356700),
(5, 22, 125600), (6, 22, 113400), (7, 22, 138900), (8, 22, 127800),
(9, 23, 89700), (10, 23, 95600), (11, 23, 82300), (12, 23, 91200),
(1, 26, 234500), (2, 26, 256700), (3, 26, 221800), (4, 26, 245600),
(5, 27, 189600), (6, 27, 175400), (7, 27, 198700), (8, 27, 185200),
(1, 31, 156700), (2, 31, 142300), (3, 31, 168900), (4, 31, 152100),
(5, 32, 134500), (6, 32, 145600), (7, 32, 128900), (8, 32, 139800),
(13, 1, 91200), (14, 2, 118900), (15, 3, 162300), (13, 6, 78500),
(14, 7, 342100), (15, 8, 294500), (13, 11, 138900), (14, 12, 612300),
(15, 13, 231400), (13, 16, 172300), (14, 17, 161200), (15, 18, 195600),
(13, 21, 332100), (14, 22, 119800), (15, 23, 87600), (13, 26, 228900),
(14, 27, 182300), (15, 31, 149800), (1, 34, 112300), (2, 35, 187600),
(3, 36, 145600), (4, 37, 98700), (5, 38, 134500), (6, 39, 156700),
(7, 40, 223400), (8, 34, 105600), (9, 35, 192300), (10, 36, 152100),
(12, 21, 423100),(7, 12, 712300),(3, 1, 156800),(11, 24, 345600),
(14, 16, 245600),(5, 7, 412300);
